{"cameraMode":{"drawMode":0,"name":"Shaded","section":"Shading Mode"},"sceneLighting":true,"audioPlay":false,"sceneViewState":{"showFog":true,"showMaterialUpdate":false,"showSkybox":true,"showFlares":true,"showImageEffects":true,"showParticleSystems":true},"in2DMode":false,"pivot":{"x":23.299999237060548,"y":0.8320000171661377,"z":-2.240000009536743},"rotation":{"x":0.6663580536842346,"y":-0.0000027518040042195936,"z":0.000004246300704835448,"w":0.7456380724906921},"size":3.360980749130249,"orthographic":false}