{"cameraMode":{"drawMode":0,"name":"Shaded","section":"Shading Mode"},"sceneLighting":true,"audioPlay":false,"sceneViewState":{"showFog":true,"showMaterialUpdate":false,"showSkybox":true,"showFlares":true,"showImageEffects":true,"showParticleSystems":true},"in2DMode":false,"pivot":{"x":508.26190185546877,"y":493.95001220703127,"z":0.0},"rotation":{"x":0.10511130839586258,"y":-0.008954793214797974,"z":0.0009478921419940889,"w":0.99442458152771},"size":442.7543640136719,"orthographic":false}