{"cameraMode":{"drawMode":0,"name":"Shaded","section":"Shading Mode"},"sceneLighting":true,"audioPlay":false,"sceneViewState":{"showFog":true,"showMaterialUpdate":false,"showSkybox":true,"showFlares":true,"showImageEffects":true,"showParticleSystems":true},"in2DMode":false,"pivot":{"x":27.958003997802736,"y":-0.29030704498291018,"z":-1.5912609100341797},"rotation":{"x":0.17343714833259583,"y":0.17912264168262483,"z":-0.032097239047288898,"w":0.9678869247436523},"size":8.459341049194336,"orthographic":false}