{"cameraMode":{"drawMode":0,"name":"Shaded","section":"Shading Mode"},"sceneLighting":true,"audioPlay":false,"sceneViewState":{"showFog":true,"showMaterialUpdate":false,"showSkybox":true,"showFlares":true,"showImageEffects":true,"showParticleSystems":true},"in2DMode":false,"pivot":{"x":24.562572479248048,"y":1.5245697498321534,"z":-1.786087989807129},"rotation":{"x":0.11035938560962677,"y":-0.1130545362830162,"z":0.01263619028031826,"w":0.9873635172843933},"size":0.8450481295585632,"orthographic":false}