{"cameraMode":{"drawMode":0,"name":"Shaded","section":"Shading Mode"},"sceneLighting":true,"audioPlay":false,"sceneViewState":{"showFog":true,"showMaterialUpdate":false,"showSkybox":true,"showFlares":true,"showImageEffects":true,"showParticleSystems":true},"in2DMode":false,"pivot":{"x":23.534393310546876,"y":0.5286699533462524,"z":-2.415266990661621},"rotation":{"x":0.12536051869392396,"y":0.33907055854797366,"z":-0.04564765468239784,"w":0.9312598705291748},"size":1.3238005638122559,"orthographic":false}