{"cameraMode":{"drawMode":0,"name":"Shaded","section":"Shading Mode"},"sceneLighting":true,"audioPlay":false,"sceneViewState":{"showFog":true,"showMaterialUpdate":false,"showSkybox":true,"showFlares":true,"showImageEffects":true,"showParticleSystems":true},"in2DMode":false,"pivot":{"x":7.989998817443848,"y":4.241905212402344,"z":24.270000457763673},"rotation":{"x":0.6663580536842346,"y":-0.0000027518040042195936,"z":0.000004246300704835448,"w":0.7456380724906921},"size":49.53999710083008,"orthographic":false}