{"cameraMode":{"drawMode":0,"name":"Shaded","section":"Shading Mode"},"sceneLighting":false,"audioPlay":false,"sceneViewState":{"showFog":true,"showMaterialUpdate":false,"showSkybox":false,"showFlares":true,"showImageEffects":true,"showParticleSystems":true},"in2DMode":false,"pivot":{"x":23.299999237060548,"y":0.8320000171661377,"z":-2.240000009536743},"rotation":{"x":0.6378604173660278,"y":-0.011554531753063202,"z":0.009572012349963189,"w":0.770006537437439},"size":0.918558657169342,"orthographic":false}